drop database catalogueofbeauty;
create database catalogueofbeauty;
use catalogueofbeauty;
create table tbl_role (
  id varchar(255) not null primary key,
  name varchar(255) not null
);
INSERT INTO `tbl_role` (`id`, `name`) VALUES
('admin', 'Администратор'),
('client', 'Клиент'),
('user', 'Пользователь');
create table tbl_city (
  id int not null primary key AUTO_INCREMENT,
  name varchar(255) not null,
  phone varchar(100) not null
);
INSERT INTO `tbl_city` (`id`, `name`, `phone`) VALUES
(1, 'Москва', '+7 (495) 287-17-75'),
(2, 'Санкт-Петербург', ''),
(3, 'Екатеринбург', '+7 (343) 2-018-019');

create table tbl_metroline (
  id int not null primary key AUTO_INCREMENT,
  name varchar(255) not null,
  color varchar(7),
  cityId int not null,
  foreign key (cityId) references tbl_city(id)
);
INSERT INTO `tbl_metroline` (`id`, `name`, `color`, `cityId`) VALUES
(1, 'Екатеринбург', '#3849e3', 3),
(2, 'Кольцевая', '#7f0000', 1),
(3, 'Арбатско-Покровская', '#072889', 1),
(4, 'Бутовская', '#b2dae7', 1),
(5, 'Замоскворецкая', '#0a6f20', 1),
(6, 'Калининская', '#ffdd03', 1),
(7, 'Калужско-Рижская', '#ff7f00', 1),
(8, 'Каховская', '#29b1a6', 1),
(9, 'Люблинская', '#8cce3a', 1),
(10, 'ММТС', '#00a493', 1),
(11, 'Серпуховско-Тимирязевская', '#a2a5b4', 1),
(12, 'Сокольническая', '#cd0506', 1),
(13, 'Таганско-Краснопресненская', '#92007b', 1),
(14, 'Филевская', '#069cd3', 1),
(15, 'Кировско-Выборгская', '#d71635', 2),
(16, 'Московско-Петроградская', '#0196ff', 2),
(17, 'Невско-Василеостровская', '#069e5e', 2),
(18, 'Правобережная', '#e07105', 2),
(19, 'Фрунзенско-Приморская', '#73057d', 2);
create table tbl_metro (
  id int not null primary key AUTO_INCREMENT,
  name varchar(255) not null,
  color varchar(7),
  cityId int not null,
  lat float(10,6) NOT NULL,
  lng float(10,6) NOT NULL,
  metrolineId int(11) NOT NULL,
  foreign key (cityId) references tbl_city(id),
  foreign key (metrolineId) references tbl_metroline(id)
);
INSERT INTO `tbl_metro` (`id`, `name`, `cityId`, `lat`, `lng`, `color`, `metrolineId`) VALUES
(226, 'Геологическая', 3, 0.000000, 0.000000, '#3849e3', 1),
(227, 'Арбатская', 1, 0.000000, 0.000000, '#072889', 3),
(228, 'Бауманская', 1, 0.000000, 0.000000, '#072889', 3),
(229, 'Волоколамская', 1, 0.000000, 0.000000, '#072889', 3),
(230, 'Измайловская', 1, 0.000000, 0.000000, '#072889', 3),
(231, 'Киевская', 1, 0.000000, 0.000000, '#072889', 3),
(232, 'Крылатское', 1, 0.000000, 0.000000, '#072889', 3),
(233, 'Кунцевская', 1, 0.000000, 0.000000, '#072889', 3),
(234, 'Курская', 1, 0.000000, 0.000000, '#072889', 3),
(235, 'Митино', 1, 0.000000, 0.000000, '#072889', 3),
(236, 'Молодёжная', 1, 0.000000, 0.000000, '#072889', 3),
(237, 'Мякинино', 1, 0.000000, 0.000000, '#072889', 3),
(238, 'Парк Победы', 1, 0.000000, 0.000000, '#072889', 3),
(239, 'Партизанская', 1, 0.000000, 0.000000, '#072889', 3),
(240, 'Первомайская', 1, 0.000000, 0.000000, '#072889', 3),
(241, 'Площадь Революции', 1, 0.000000, 0.000000, '#072889', 3),
(242, 'Пятницкое шоссе', 1, 0.000000, 0.000000, '#072889', 3),
(243, 'Семёновская', 1, 0.000000, 0.000000, '#072889', 3),
(244, 'Славянский бульвар', 1, 0.000000, 0.000000, '#072889', 3),
(245, 'Смоленская', 1, 0.000000, 0.000000, '#072889', 3),
(246, 'Строгино', 1, 0.000000, 0.000000, '#072889', 3),
(247, 'Щёлковская', 1, 0.000000, 0.000000, '#072889', 3),
(248, 'Электрозаводская', 1, 0.000000, 0.000000, '#072889', 3),
(249, 'Бульвар Адмирала Ушакова', 1, 0.000000, 0.000000, '#b2dae7', 4),
(250, 'Бунинская аллея', 1, 0.000000, 0.000000, '#b2dae7', 4),
(251, 'Улица Горчакова', 1, 0.000000, 0.000000, '#b2dae7', 4),
(252, 'Улица Скобелевская', 1, 0.000000, 0.000000, '#b2dae7', 4),
(253, 'Улица Старокачаловская', 1, 0.000000, 0.000000, '#b2dae7', 4),
(254, 'Автозаводская', 1, 0.000000, 0.000000, '#0a6f20', 5),
(255, 'Алма-Атинская', 1, 0.000000, 0.000000, '#0a6f20', 5),
(256, 'Аэропорт', 1, 0.000000, 0.000000, '#0a6f20', 5),
(257, 'Белорусская', 1, 0.000000, 0.000000, '#0a6f20', 5),
(258, 'Водный Стадион', 1, 0.000000, 0.000000, '#0a6f20', 5),
(259, 'Войковская', 1, 0.000000, 0.000000, '#0a6f20', 5),
(260, 'Динамо', 1, 0.000000, 0.000000, '#0a6f20', 5),
(261, 'Домодедовская', 1, 0.000000, 0.000000, '#0a6f20', 5),
(262, 'Кантемировская', 1, 0.000000, 0.000000, '#0a6f20', 5),
(263, 'Каширская', 1, 0.000000, 0.000000, '#0a6f20', 5),
(264, 'Коломенская', 1, 0.000000, 0.000000, '#0a6f20', 5),
(265, 'Красногвардейская', 1, 0.000000, 0.000000, '#0a6f20', 5),
(266, 'Маяковская', 1, 0.000000, 0.000000, '#0a6f20', 5),
(267, 'Новокузнецкая', 1, 0.000000, 0.000000, '#0a6f20', 5),
(268, 'Орехово', 1, 0.000000, 0.000000, '#0a6f20', 5),
(269, 'Павелецкая', 1, 0.000000, 0.000000, '#0a6f20', 5),
(270, 'Речной вокзал', 1, 0.000000, 0.000000, '#0a6f20', 5),
(271, 'Сокол', 1, 0.000000, 0.000000, '#0a6f20', 5),
(272, 'Тверская', 1, 0.000000, 0.000000, '#0a6f20', 5),
(273, 'Театральная', 1, 0.000000, 0.000000, '#0a6f20', 5),
(274, 'Царицыно', 1, 0.000000, 0.000000, '#0a6f20', 5),
(275, 'Авиамоторная', 1, 0.000000, 0.000000, '#ffdd03', 6),
(276, 'Марксистская', 1, 0.000000, 0.000000, '#ffdd03', 6),
(277, 'Новогиреево', 1, 0.000000, 0.000000, '#ffdd03', 6),
(278, 'Новокосино', 1, 0.000000, 0.000000, '#ffdd03', 6),
(279, 'Перово', 1, 0.000000, 0.000000, '#ffdd03', 6),
(280, 'Площадь Ильича', 1, 0.000000, 0.000000, '#ffdd03', 6),
(281, 'Шоссе Энтузиастов', 1, 0.000000, 0.000000, '#ffdd03', 6),
(282, 'Академическая', 1, 0.000000, 0.000000, '#ff7f00', 7),
(283, 'Алексеевская', 1, 0.000000, 0.000000, '#ff7f00', 7),
(284, 'Бабушкинская', 1, 0.000000, 0.000000, '#ff7f00', 7),
(285, 'Беляево', 1, 0.000000, 0.000000, '#ff7f00', 7),
(286, 'Ботанический сад', 1, 0.000000, 0.000000, '#ff7f00', 7),
(287, 'ВДНХ', 1, 0.000000, 0.000000, '#ff7f00', 7),
(288, 'Калужская', 1, 0.000000, 0.000000, '#ff7f00', 7),
(289, 'Китай-город', 1, 0.000000, 0.000000, '#ff7f00', 7),
(290, 'Коньково', 1, 0.000000, 0.000000, '#ff7f00', 7),
(291, 'Ленинский проспект', 1, 0.000000, 0.000000, '#ff7f00', 7),
(292, 'Медведково', 1, 0.000000, 0.000000, '#ff7f00', 7),
(293, 'Новоясеневская', 1, 0.000000, 0.000000, '#ff7f00', 7),
(294, 'Новые Черемушки', 1, 0.000000, 0.000000, '#ff7f00', 7),
(295, 'Октябрьская', 1, 0.000000, 0.000000, '#ff7f00', 7),
(296, 'Проспект Мира', 1, 0.000000, 0.000000, '#ff7f00', 7),
(297, 'Профсоюзная', 1, 0.000000, 0.000000, '#ff7f00', 7),
(298, 'Рижская', 1, 0.000000, 0.000000, '#ff7f00', 7),
(299, 'Свиблово', 1, 0.000000, 0.000000, '#ff7f00', 7),
(300, 'Сухаревская', 1, 0.000000, 0.000000, '#ff7f00', 7),
(301, 'Теплый стан', 1, 0.000000, 0.000000, '#ff7f00', 7),
(302, 'Третьяковская', 1, 0.000000, 0.000000, '#ff7f00', 7),
(303, 'Тургеневская', 1, 0.000000, 0.000000, '#ff7f00', 7),
(304, 'Шаболовская', 1, 0.000000, 0.000000, '#ff7f00', 7),
(305, 'Ясенево', 1, 0.000000, 0.000000, '#ff7f00', 7),
(306, 'Варшавская', 1, 0.000000, 0.000000, '#29b1a6', 8),
(307, 'Каховская', 1, 0.000000, 0.000000, '#29b1a6', 8),
(308, 'Белорусская', 1, 0.000000, 0.000000, '#7f0000', 2),
(309, 'Добрынинская', 1, 0.000000, 0.000000, '#7f0000', 2),
(310, 'Комсомольская', 1, 0.000000, 0.000000, '#7f0000', 2),
(311, 'Краснопресненская', 1, 0.000000, 0.000000, '#7f0000', 2),
(312, 'Курская', 1, 0.000000, 0.000000, '#7f0000', 2),
(313, 'Новослободская', 1, 0.000000, 0.000000, '#7f0000', 2),
(314, 'Таганская', 1, 0.000000, 0.000000, '#7f0000', 2),
(315, 'Борисово', 1, 0.000000, 0.000000, '#8cce3a', 9),
(316, 'Братиславская', 1, 0.000000, 0.000000, '#8cce3a', 9),
(317, 'Волжская', 1, 0.000000, 0.000000, '#8cce3a', 9),
(318, 'Достоевская', 1, 0.000000, 0.000000, '#8cce3a', 9),
(319, 'Дубровка', 1, 0.000000, 0.000000, '#8cce3a', 9),
(320, 'Зябликово', 1, 0.000000, 0.000000, '#8cce3a', 9),
(321, 'Кожуховская', 1, 0.000000, 0.000000, '#8cce3a', 9),
(322, 'Крестьянская Застава', 1, 0.000000, 0.000000, '#8cce3a', 9),
(323, 'Люблино', 1, 0.000000, 0.000000, '#8cce3a', 9),
(324, 'Марьина роща', 1, 0.000000, 0.000000, '#8cce3a', 9),
(325, 'Марьино', 1, 0.000000, 0.000000, '#8cce3a', 9),
(326, 'Печатники', 1, 0.000000, 0.000000, '#8cce3a', 9),
(327, 'Римская', 1, 0.000000, 0.000000, '#8cce3a', 9),
(328, 'Сретенский Бульвар', 1, 0.000000, 0.000000, '#8cce3a', 9),
(329, 'Трубная', 1, 0.000000, 0.000000, '#8cce3a', 9),
(330, 'Шипиловская', 1, 0.000000, 0.000000, '#8cce3a', 9),
(331, 'Выставочный Центр', 1, 0.000000, 0.000000, '#00a493', 10),
(332, 'Телецентр', 1, 0.000000, 0.000000, '#00a493', 10),
(333, 'Тимирязевская', 1, 0.000000, 0.000000, '#00a493', 10),
(334, 'Улица Академика Королева', 1, 0.000000, 0.000000, '#00a493', 10),
(335, 'Улица Милашенкова', 1, 0.000000, 0.000000, '#00a493', 10),
(336, 'Улица Сергея Эйзенштейна', 1, 0.000000, 0.000000, '#00a493', 10),
(337, 'Алтуфьево', 1, 0.000000, 0.000000, '#a2a5b4', 11),
(338, 'Аннино', 1, 0.000000, 0.000000, '#a2a5b4', 11),
(339, 'Бибирево', 1, 0.000000, 0.000000, '#a2a5b4', 11),
(340, 'Бульвар Дмитрия Донского', 1, 0.000000, 0.000000, '#a2a5b4', 11),
(341, 'Владыкино', 1, 0.000000, 0.000000, '#a2a5b4', 11),
(342, 'Дмитровская', 1, 0.000000, 0.000000, '#a2a5b4', 11),
(343, 'Менделеевская', 1, 0.000000, 0.000000, '#a2a5b4', 11),
(344, 'Нагатинская', 1, 0.000000, 0.000000, '#a2a5b4', 11),
(345, 'Нагорная', 1, 0.000000, 0.000000, '#a2a5b4', 11),
(346, 'Нахимовский проспект', 1, 0.000000, 0.000000, '#a2a5b4', 11),
(347, 'Отрадное', 1, 0.000000, 0.000000, '#a2a5b4', 11),
(348, 'Петровско-Разумовская', 1, 0.000000, 0.000000, '#a2a5b4', 11),
(349, 'Полянка', 1, 0.000000, 0.000000, '#a2a5b4', 11),
(350, 'Пражская', 1, 0.000000, 0.000000, '#a2a5b4', 11),
(351, 'Савёловская', 1, 0.000000, 0.000000, '#a2a5b4', 11),
(352, 'Севастопольская', 1, 0.000000, 0.000000, '#a2a5b4', 11),
(353, 'Серпуховская', 1, 0.000000, 0.000000, '#a2a5b4', 11),
(354, 'Тимирязевская', 1, 0.000000, 0.000000, '#a2a5b4', 11),
(355, 'Тульская', 1, 0.000000, 0.000000, '#a2a5b4', 11),
(356, 'Улица Академика Янгеля', 1, 0.000000, 0.000000, '#a2a5b4', 11),
(357, 'Цветной Бульвар', 1, 0.000000, 0.000000, '#a2a5b4', 11),
(358, 'Чертановская', 1, 0.000000, 0.000000, '#a2a5b4', 11),
(359, 'Чеховская', 1, 0.000000, 0.000000, '#a2a5b4', 11),
(360, 'Южная', 1, 0.000000, 0.000000, '#a2a5b4', 11),
(361, 'Библиотека имени Ленина', 1, 0.000000, 0.000000, '#cd0506', 12),
(362, 'Воробьевы горы', 1, 0.000000, 0.000000, '#cd0506', 12),
(363, 'Комсомольская', 1, 0.000000, 0.000000, '#cd0506', 12),
(364, 'Красносельская', 1, 0.000000, 0.000000, '#cd0506', 12),
(365, 'Красные ворота', 1, 0.000000, 0.000000, '#cd0506', 12),
(366, 'Кропоткинская', 1, 0.000000, 0.000000, '#cd0506', 12),
(367, 'Лубянка', 1, 0.000000, 0.000000, '#cd0506', 12),
(368, 'Охотный ряд', 1, 0.000000, 0.000000, '#cd0506', 12),
(369, 'Парк культуры', 1, 0.000000, 0.000000, '#cd0506', 12),
(370, 'Преображенская площадь', 1, 0.000000, 0.000000, '#cd0506', 12),
(371, 'Проспект Вернадского', 1, 0.000000, 0.000000, '#cd0506', 12),
(372, 'Сокольники', 1, 0.000000, 0.000000, '#cd0506', 12),
(373, 'Спортивная', 1, 0.000000, 0.000000, '#cd0506', 12),
(374, 'Улица Подбельского', 1, 0.000000, 0.000000, '#cd0506', 12),
(375, 'Университет', 1, 0.000000, 0.000000, '#cd0506', 12),
(376, 'Фрунзенская', 1, 0.000000, 0.000000, '#cd0506', 12),
(377, 'Черкизовская', 1, 0.000000, 0.000000, '#cd0506', 12),
(378, 'Чистые пруды', 1, 0.000000, 0.000000, '#cd0506', 12),
(379, 'Юго-западная', 1, 0.000000, 0.000000, '#cd0506', 12),
(380, 'Баррикадная', 1, 0.000000, 0.000000, '#92007b', 13),
(381, 'Беговая', 1, 0.000000, 0.000000, '#92007b', 13),
(382, 'Волгоградский проспект', 1, 0.000000, 0.000000, '#92007b', 13),
(383, 'Выхино', 1, 0.000000, 0.000000, '#92007b', 13),
(384, 'Кузнецкий мост', 1, 0.000000, 0.000000, '#92007b', 13),
(385, 'Кузьминки', 1, 0.000000, 0.000000, '#92007b', 13),
(386, 'Октябрьское поле', 1, 0.000000, 0.000000, '#92007b', 13),
(387, 'Планерная', 1, 0.000000, 0.000000, '#92007b', 13),
(388, 'Полежаевская', 1, 0.000000, 0.000000, '#92007b', 13),
(389, 'Пролетарская', 1, 0.000000, 0.000000, '#92007b', 13),
(390, 'Пушкинская', 1, 0.000000, 0.000000, '#92007b', 13),
(391, 'Рязанский проспект', 1, 0.000000, 0.000000, '#92007b', 13),
(392, 'Сходненская', 1, 0.000000, 0.000000, '#92007b', 13),
(393, 'Текстильщики', 1, 0.000000, 0.000000, '#92007b', 13),
(394, 'Тушинская', 1, 0.000000, 0.000000, '#92007b', 13),
(395, 'Улица 1905 года', 1, 0.000000, 0.000000, '#92007b', 13),
(396, 'Щукинская', 1, 0.000000, 0.000000, '#92007b', 13),
(397, 'Александровский сад', 1, 0.000000, 0.000000, '#069cd3', 14),
(398, 'Арбатская', 1, 0.000000, 0.000000, '#069cd3', 14),
(399, 'Багратионовская', 1, 0.000000, 0.000000, '#069cd3', 14),
(400, 'Выставочная', 1, 0.000000, 0.000000, '#069cd3', 14),
(401, 'Кутузовская', 1, 0.000000, 0.000000, '#069cd3', 14),
(402, 'Международная', 1, 0.000000, 0.000000, '#069cd3', 14),
(403, 'Пионерская', 1, 0.000000, 0.000000, '#069cd3', 14),
(404, 'Студенческая', 1, 0.000000, 0.000000, '#069cd3', 14),
(405, 'Филёвский парк', 1, 0.000000, 0.000000, '#069cd3', 14),
(406, 'Фили', 1, 0.000000, 0.000000, '#069cd3', 14),
(407, 'Проспект Космонавтов', 3, 0.000000, 0.000000, '#3849e3', 1),
(408, 'Уралмаш', 3, 0.000000, 0.000000, '#3849e3', 1),
(409, 'Машиностроителей', 3, 0.000000, 0.000000, '#3849e3', 1),
(410, 'Уральская', 3, 0.000000, 0.000000, '#3849e3', 1),
(411, 'Динамо', 3, 0.000000, 0.000000, '#3849e3', 1),
(412, 'Площадь 1905 года', 3, 0.000000, 0.000000, '#3849e3', 1),
(413, 'Чкаловская', 3, 0.000000, 0.000000, '#3849e3', 1),
(414, 'Ботаническая', 3, 0.000000, 0.000000, '#3849e3', 1),
(415, 'Гражданский пр.', 2, 0.000000, 0.000000, '#d71635', 15),
(416, 'Академическая', 2, 0.000000, 0.000000, '#d71635', 15),
(417, 'Пл. мужества', 2, 0.000000, 0.000000, '#d71635', 15),
(418, 'Лесная', 2, 0.000000, 0.000000, '#d71635', 15),
(419, 'Выборгская', 2, 0.000000, 0.000000, '#d71635', 15),
(420, 'Пл. Ленина', 2, 0.000000, 0.000000, '#d71635', 15),
(421, 'Чернышевская', 2, 0.000000, 0.000000, '#d71635', 15),
(422, 'Пл. восстания', 2, 0.000000, 0.000000, '#d71635', 15),
(423, 'Владимирская', 2, 0.000000, 0.000000, '#d71635', 15),
(424, 'Пушкинская', 2, 0.000000, 0.000000, '#d71635', 15),
(425, 'Технолог. институт-I', 2, 0.000000, 0.000000, '#d71635', 15),
(426, 'Балтийская', 2, 0.000000, 0.000000, '#d71635', 15),
(427, 'Нарвская', 2, 0.000000, 0.000000, '#d71635', 15),
(428, 'Кировский завод', 2, 0.000000, 0.000000, '#d71635', 15),
(429, 'Автово', 2, 0.000000, 0.000000, '#d71635', 15),
(430, 'Ленинский пр.', 2, 0.000000, 0.000000, '#d71635', 15),
(431, 'Пр. ветеранов', 2, 0.000000, 0.000000, '#d71635', 15),
(432, 'Парнас', 2, 0.000000, 0.000000, '#0196ff', 16),
(433, 'Пр. просвещения', 2, 0.000000, 0.000000, '#0196ff', 16),
(434, 'Озерки', 2, 0.000000, 0.000000, '#0196ff', 16),
(435, 'Удельная', 2, 0.000000, 0.000000, '#0196ff', 16),
(436, 'Пионерская', 2, 0.000000, 0.000000, '#0196ff', 16),
(437, 'Чёрная речка', 2, 0.000000, 0.000000, '#0196ff', 16),
(438, 'Петроградская', 2, 0.000000, 0.000000, '#0196ff', 16),
(439, 'Горьковская', 2, 0.000000, 0.000000, '#0196ff', 16),
(440, 'Невский пр.', 2, 0.000000, 0.000000, '#0196ff', 16),
(441, 'Сенная площадь', 2, 0.000000, 0.000000, '#0196ff', 16),
(442, 'Технолог. институт-II', 2, 0.000000, 0.000000, '#0196ff', 16),
(443, 'Фрунзенская', 2, 0.000000, 0.000000, '#0196ff', 16),
(444, 'Московские ворота', 2, 0.000000, 0.000000, '#0196ff', 16),
(445, 'Электросила', 2, 0.000000, 0.000000, '#0196ff', 16),
(446, 'Парк победы', 2, 0.000000, 0.000000, '#0196ff', 16),
(447, 'Московская', 2, 0.000000, 0.000000, '#0196ff', 16),
(448, 'Звёздная', 2, 0.000000, 0.000000, '#0196ff', 16),
(449, 'Купчино', 2, 0.000000, 0.000000, '#0196ff', 16),
(450, 'Приморская', 2, 0.000000, 0.000000, '#069e5e', 17),
(451, 'Василеостровская', 2, 0.000000, 0.000000, '#069e5e', 17),
(452, 'Гостиный двор', 2, 0.000000, 0.000000, '#069e5e', 17),
(453, 'Маяковская', 2, 0.000000, 0.000000, '#069e5e', 17),
(454, 'Пл. Ал.Невского-I', 2, 0.000000, 0.000000, '#069e5e', 17),
(455, 'Елизаровская', 2, 0.000000, 0.000000, '#069e5e', 17),
(456, 'Ломоносовская', 2, 0.000000, 0.000000, '#069e5e', 17),
(457, 'Пролетарская', 2, 0.000000, 0.000000, '#069e5e', 17),
(458, 'Обухово', 2, 0.000000, 0.000000, '#069e5e', 17),
(459, 'Рыбацкое', 2, 0.000000, 0.000000, '#069e5e', 17),
(460, 'Спасская', 2, 0.000000, 0.000000, '#e07105', 18),
(461, 'Достоевская', 2, 0.000000, 0.000000, '#e07105', 18),
(462, 'Лиговский пр.', 2, 0.000000, 0.000000, '#e07105', 18),
(463, 'Пл. Ал. Невского-II', 2, 0.000000, 0.000000, '#e07105', 18),
(464, 'Новочеркасская', 2, 0.000000, 0.000000, '#e07105', 18),
(465, 'Ладожская', 2, 0.000000, 0.000000, '#e07105', 18),
(466, 'Пр. большевиков', 2, 0.000000, 0.000000, '#e07105', 18),
(467, 'Ул. Дыбенко', 2, 0.000000, 0.000000, '#e07105', 18),
(468, 'Комендантский пр-т', 2, 0.000000, 0.000000, '#73057d', 19),
(469, 'Старая деревня', 2, 0.000000, 0.000000, '#73057d', 19),
(470, 'Крестовский остров', 2, 0.000000, 0.000000, '#73057d', 19),
(471, 'Чкаловская', 2, 0.000000, 0.000000, '#73057d', 19),
(472, 'Спортивная', 2, 0.000000, 0.000000, '#73057d', 19),
(473, 'Адмиралтейская', 2, 0.000000, 0.000000, '#73057d', 19),
(474, 'Садовая', 2, 0.000000, 0.000000, '#73057d', 19),
(475, 'Звенигородская', 2, 0.000000, 0.000000, '#73057d', 19),
(476, 'Обводный канал', 2, 0.000000, 0.000000, '#73057d', 19),
(477, 'Волковская', 2, 0.000000, 0.000000, '#73057d', 19),
(478, 'Бухарестская', 2, 0.000000, 0.000000, '#73057d', 19),
(479, 'Международная', 2, 0.000000, 0.000000, '#73057d', 19);
CREATE TABLE tbl_user (
  `id` INTEGER NOT NULL PRIMARY KEY AUTO_INCREMENT,
  `username` varchar(255) NOT NULL,
  `roleId` varchar(255) NOT NULL,
  `cityId` int(11) NOT NULL,
  `salonId` int(11) DEFAULT NULL,
  `email` varchar(255) NOT NULL,
  `phone` varchar(16) DEFAULT NULL,
  `login` varchar(128) NOT NULL,
  `password` varchar(128) NOT NULL,
  `active` tinyint(4) NOT NULL,
  `archive` tinyint(4) NOT NULL,
  `activateCode` varchar(255) NOT NULL,
  `birthDate` varchar(11) NOT NULL,
  `firstName` varchar(255) NOT NULL,
  `lastName` varchar(255) NOT NULL,
  `referer` varchar(255) NOT NULL,
  `regdate` datetime NOT NULL,
  foreign key (roleId) references tbl_role(id),
  foreign key (cityId) references tbl_city(id)
);
INSERT INTO `tbl_user` (`id`, `username`, `roleId`, `cityId`, `salonId`, `email`, `phone`, `login`, `password`, `active`, `archive`, `activateCode`, `birthDate`, `firstName`, `lastName`, `referer`, `regdate`) VALUES
(6, 'admin', 'admin', 1, 0, '', '', 'admin', 'catbe1987', 1, 0, '', '0000-00-00', '', '', '', '2013-12-25 17:49:32');
CREATE TABLE tbl_salon (
  `id` INTEGER NOT NULL PRIMARY KEY AUTO_INCREMENT,
  `name` varchar(255) NOT NULL,
  `cityId` int(11) NOT NULL,
  `userId` int(11) DEFAULT NULL,
  `logo` varchar(255) DEFAULT NULL,
  `address` varchar(255) DEFAULT NULL,
  `phone` varchar(255) DEFAULT NULL,
  `workTime` varchar(255) DEFAULT NULL,
  `prioritet` int(11) NOT NULL,
  `visible` tinyint(4) NOT NULL,
  `archive` tinyint(4) NOT NULL,
  `description` text NOT NULL,
  `d` varchar(255) DEFAULT NULL,
  `l` varchar(255) DEFAULT NULL,
  `metroId` int(11) DEFAULT NULL,
  `site` text NOT NULL,
  `parking` tinyint(4) NOT NULL DEFAULT '0',
  `id_image` varchar(11) NOT NULL,
  `wifi` tinyint(4) NOT NULL DEFAULT '0',
  foreign key (cityId) references tbl_city(id),
  foreign key (metroId) references tbl_metro(id)
);
CREATE TABLE tbl_master (
  `id` INTEGER NOT NULL PRIMARY KEY AUTO_INCREMENT,
  `salonId` int(11) NOT NULL,
  `name` varchar(255) NOT NULL,
  `info` text,
  `special` text,
  `stage` double DEFAULT NULL,
  foreign key (salonId) references tbl_salon(id)
);
CREATE TABLE tbl_serviceCategory (
  `id` INTEGER NOT NULL PRIMARY KEY AUTO_INCREMENT,
  `name` varchar(255) NOT NULL,
  `pid` int(11) NOT NULL,
  `sortOrder` int(11) NOT NULL
);
CREATE TABLE tbl_service (
  `id` INTEGER NOT NULL PRIMARY KEY AUTO_INCREMENT,
  `categoryId` int(11) NOT NULL,
  `salonId` int(11) NOT NULL,
  `name` varchar(255) NOT NULL,
  `description` varchar(255) DEFAULT NULL,
  `priority` int(11) NOT NULL DEFAULT '0',
  `duration` double NOT NULL,
  `oldPrice` double DEFAULT NULL,
  `price` double DEFAULT NULL,
  `order` int(11) NOT NULL,
  foreign key (categoryId) references tbl_serviceCategory(id),
  foreign key (salonId) references tbl_salon(id)
);
CREATE TABLE tbl_masterservice (
  id INTEGER NOT NULL PRIMARY KEY AUTO_INCREMENT,
  masterId int not null,
  serviceId int not null,
  foreign key (masterId) references tbl_master(id),
  foreign key (serviceId) references tbl_service(id)
);
CREATE TABLE tbl_offer (
  `id` INTEGER NOT NULL PRIMARY KEY AUTO_INCREMENT,
  `salonId` int(11) NOT NULL,
  `description` text,
  `present` varchar(255) DEFAULT NULL,
  `what` varchar(255) NOT NULL,
  `discount` varchar(11) NOT NULL,
  `endDate` date DEFAULT NULL,
  `startDate` date DEFAULT NULL,
  `cost` double NOT NULL,
  `oldCost` double NOT NULL,
  `img` varchar(255) NOT NULL,
  `sort_order` int(11) NOT NULL,
  `visible` tinyint(1) NOT NULL,
  `order` int(11) NOT NULL,
  foreign key (salonId) references tbl_salon(id)
);

CREATE TABLE tbl_galery (
  id INTEGER NOT NULL PRIMARY KEY AUTO_INCREMENT,
  name varchar(255),
  salonId int not null,
  priority int default 0,
  isMain boolean,
  foreign key (salonId) references tbl_salon(id)
);
CREATE TABLE tbl_page (
  id INTEGER NOT NULL PRIMARY KEY AUTO_INCREMENT,
  pid int default 0,
  name varchar(255),
  metatitle varchar(255),
  metadescription varchar(255),
  metakeywords VARCHAR(255),
  content TEXT,
  is_menu boolean not null default false,
  order int default 0
);
CREATE TABLE tbl_block (
  id INTEGER NOT NULL PRIMARY KEY AUTO_INCREMENT,
  name varchar(255),
  content TEXT
);
INSERT INTO `tbl_block` (`id`, `name`, `content`) VALUES
(1, 'Баннер в подвале', '<h3>Владельцам салонов красоты и SPA</h3>\n<p>Получайте клиентов через LadyBonus.</p>\n<h4>Регистрация бесплатно!</h4>'),
(2, 'Как получить бонусы', '<div style="height:180px">\n<p><img src="/upload_picture/case.png" width="910" height="163" alt="" /></p>\n</div>'),
(3, 'Время работы техподдержки', '<p>&nbsp;Время работы: 9:00 - 21:00</p>'),
(5, 'Бонусы на мобильный', '');
CREATE TABLE tbl_bonus (
  `id` int(11) PRIMARY KEY NOT NULL AUTO_INCREMENT,
  `clientId` int(11) NOT NULL,
  `date` datetime NOT NULL,
  `phone` varchar(255) NOT NULL,
  `count` double NOT NULL
);
CREATE TABLE `tbl_files` (
  `id` int(11) PRIMARY KEY NOT NULL AUTO_INCREMENT,
  `name` varchar(255) NOT NULL,
  `source` varchar(255) NOT NULL,
  `tst_upload` int(10) unsigned NOT NULL
);
CREATE TABLE `tbl_relation` (
  `id` int(11) PRIMARY KEY NOT NULL AUTO_INCREMENT,
  `salonId` int(11) NOT NULL,
  `serviceId` int(11) NOT NULL,
  `serviceDesc` varchar(255) NOT NULL,
  `cost` double NOT NULL,
  `bonus` double NOT NULL,
  `when` datetime NOT NULL,
  `hadcome` tinyint(1) NOT NULL,
  `payed` double NOT NULL,
  `clientId` int(11) NOT NULL,
  `comment` text NOT NULL
)